-- phpMyAdmin SQL Dump
-- version 5.2.1
-- https://www.phpmyadmin.net/
--
-- ホスト: 127.0.0.1
-- 生成日時: 2025-03-28 08:59:49
-- サーバのバージョン： 10.4.32-MariaDB
-- PHP のバージョン: 8.2.12

SET SQL_MODE = "NO_AUTO_VALUE_ON_ZERO";
START TRANSACTION;
SET time_zone = "+00:00";


/*!40101 SET @OLD_CHARACTER_SET_CLIENT=@@CHARACTER_SET_CLIENT */;
/*!40101 SET @OLD_CHARACTER_SET_RESULTS=@@CHARACTER_SET_RESULTS */;
/*!40101 SET @OLD_COLLATION_CONNECTION=@@COLLATION_CONNECTION */;
/*!40101 SET NAMES utf8mb4 */;

--
-- データベース: `ec`
--

-- --------------------------------------------------------

--
-- テーブルの構造 `colors`
--

CREATE TABLE `colors` (
  `id` int(11) NOT NULL,
  `color` varchar(32) NOT NULL,
  `delflag` int(11) NOT NULL DEFAULT 0,
  `created` datetime DEFAULT NULL,
  `modified` datetime DEFAULT NULL
) ENGINE=InnoDB DEFAULT CHARSET=utf8mb4 COLLATE=utf8mb4_general_ci;

--
-- テーブルのデータのダンプ `colors`
--

INSERT INTO `colors` (`id`, `color`, `delflag`, `created`, `modified`) VALUES
(1, 'ゴールド', 0, '2024-12-21 12:40:50', '2025-02-12 22:25:37'),
(2, 'シルバー', 0, '2024-12-23 09:46:59', '2024-12-26 22:01:10'),
(3, 'ブラック', 0, '2024-12-22 12:28:22', '2024-12-26 22:01:10'),
(4, '', 0, '2024-12-23 10:41:32', '2025-02-12 22:25:37'),
(5, '', 0, '2025-02-12 22:17:30', '2025-02-12 22:25:37'),
(6, '', 0, '2025-02-12 22:17:30', '2025-02-12 22:25:37');

-- --------------------------------------------------------

--
-- テーブルの構造 `goods`
--

CREATE TABLE `goods` (
  `id` int(11) NOT NULL,
  `name` varchar(255) DEFAULT NULL,
  `price` varchar(32) DEFAULT NULL,
  `explanation` varchar(255) DEFAULT NULL,
  `image` varchar(255) DEFAULT NULL,
  `delflag` tinyint(1) DEFAULT 0,
  `created` datetime DEFAULT NULL,
  `modified` datetime DEFAULT NULL
) ENGINE=InnoDB DEFAULT CHARSET=utf8mb4 COLLATE=utf8mb4_general_ci;

--
-- テーブルのデータのダンプ `goods`
--

INSERT INTO `goods` (`id`, `name`, `price`, `explanation`, `image`, `delflag`, `created`, `modified`) VALUES
(8, 'アクセサリーA', '10000', '永遠の愛を象徴するダイヤモンドの指輪です。\r\n\r\n純白の輝きと無垢な透明感が特徴のダイヤモンドは、その美しさと希少価値から結婚指輪や婚約指輪として選ばれることが多い宝石です。\r\nシンプルでありながらも上品なデザインが施されており、どんな場面でもその美しさを際立たせます。', 'img_67d4e1da58369.jpg', 0, '2024-06-25 21:39:27', '2025-03-25 22:02:27'),
(9, 'アクセサリーB', '5000', 'このピアスは、天然のターコイズ石を使用し、一つ一つ丁寧に手作りされた逸品です。\r\n鮮やかなスカイブルーのターコイズは、その独特の色合いと模様で、どんなスタイルにも華やかさを添えます。\r\n\r\n※金具の色を選択できます。', 'img_67d2d45746580.jpg', 0, '2024-06-25 21:41:25', '2025-03-18 10:17:59'),
(10, 'アクセサリーC', '8000', '自然の美しさとクラフトマンシップが融合した逸品です。\r\n鮮やかなスカイブルーのターコイズが、シンプルかつ洗練されたデザインであなたの首元を彩ります。\r\nどんな装いにもアクセントを加え、特別な日から日常まで幅広くお使いいただけます。', 'img_67d2d46f05610.jpg', 0, '2024-06-25 21:41:46', '2025-03-17 19:12:51'),
(11, 'アクセサリーD', '8000', '永遠の愛を象徴するダイヤモンドの指輪です。\r\n\r\n純白の輝きと無垢な透明感が特徴のダイヤモンドは、その美しさと希少価値から結婚指輪や婚約指輪として選ばれることが多い宝石です。\r\nシンプルでありながらも上品なデザインが施されており、どんな場面でもその美しさを際立たせます。', 'img_667abb39ca984.jpg', 0, '2024-06-25 21:42:33', '2025-03-25 22:13:06'),
(12, 'アクセサリーD', '11000', 'このピアスは、天然のターコイズ石を使用し、一つ一つ丁寧に手作りされた逸品です。<br>鮮やかなスカイブルーのターコイズは、その独特の色合いと模様で、どんなスタイルにも華やかさを添えます。<br><br>※金具の色を選択できます。', 'img_667abb630242f.jpg', 0, '2024-06-25 21:43:15', '2024-09-02 21:52:01'),
(20, 'アクセサリーE', '5000', '', '', 0, '2024-08-24 13:02:55', '2025-02-14 22:51:00'),
(118, 'アクセサリー1', '50000', '', 'img_66c9402c3821d.', 1, '2024-08-24 11:06:36', '2024-08-24 11:08:58'),
(119, 'アクセサリー1', '50000', '', 'img_66c9402f1cc0c.', 1, '2024-08-24 11:06:39', '2024-08-24 11:08:51'),
(120, 'アクセサリー1', '50000', '', 'img_66c9406cbb1d6.', 1, '2024-08-24 11:07:40', '2024-08-24 11:08:55'),
(121, 'アクセサああ', '11000', '', 'img_66c9504f876c1.jpeg', 1, '2024-08-24 12:15:27', '2024-08-24 13:03:02'),
(123, 'アクセサリーF', '5000', 'ペアシェイプのルビーをイエローゴールドでぐるっと囲ったネックレス。\r\n\r\n地金のしなやかなラインが艶やかで、ルビーの鮮やかさを一層引き立てています。\r\n大人っぽいデザインは、着ける人に華やかな女性らしさを与えてくれます。\r\nルビーは『恋のお守り』や『情熱の石』として愛されてきた7月の誕生石。\r\nプレゼントはもちろん、ご自分へのごほうびジュエリーにもぴったりです。\r\n\r\n※金具の色を選択できます。', 'img_66dbc6f81a6d8.jpg', 0, '2024-08-24 13:02:58', '2025-01-07 22:22:46'),
(126, 'アクセサリーT', '1000000', '', '', 1, '2024-12-06 09:39:30', '2025-03-27 22:45:48'),
(127, 'アクセサリーN', '18000', '', 'img_677db0d1251ea.jpg', 0, '2024-12-06 15:24:16', '2025-02-14 22:41:13'),
(136, 'アクセサリーAA', '3000', '', 'img_67ac9f61e8b2f.png', 1, '2025-02-12 22:17:21', '2025-02-12 23:12:47'),
(137, 'アクセサリーAA', '3000', '', 'img_67ac9f6a2e242.png', 1, '2025-02-12 22:17:30', '2025-02-12 23:12:54'),
(138, 'アクセサリーAA', '3000', '', 'img_67aca12fa6124.png', 0, '2025-02-12 22:24:53', '2025-02-14 22:41:09'),
(147, NULL, NULL, '', 'img_67e2ac25aaee2.', 1, '2025-03-25 22:14:13', '2025-03-25 22:14:24'),
(148, 'ネックレスB', '6800', 'きれい', '', 0, '2025-03-25 22:24:14', '2025-03-27 22:45:17'),
(149, 'ネックレスA', '7800', '', '', 0, '2025-03-25 22:32:38', '2025-03-25 22:32:38');

-- --------------------------------------------------------

--
-- テーブルの構造 `goods_color`
--

CREATE TABLE `goods_color` (
  `id` int(11) NOT NULL,
  `goods_id` int(11) NOT NULL,
  `color` varchar(32) NOT NULL,
  `created` datetime NOT NULL,
  `modified` date NOT NULL,
  `delflag` int(11) NOT NULL DEFAULT 0
) ENGINE=InnoDB DEFAULT CHARSET=utf8mb4 COLLATE=utf8mb4_general_ci;

--
-- テーブルのデータのダンプ `goods_color`
--

INSERT INTO `goods_color` (`id`, `goods_id`, `color`, `created`, `modified`, `delflag`) VALUES
(1, 8, 'ゴールド', '2025-01-07 20:34:38', '2025-03-25', 0),
(2, 8, 'シルバー', '2025-01-07 20:34:42', '2025-03-25', 0),
(3, 9, 'ゴールド', '2025-01-07 22:16:02', '2025-03-18', 0),
(4, 9, 'シルバー', '2025-01-07 22:20:40', '2025-03-18', 0),
(9, 10, 'ゴールド', '2025-01-07 22:22:18', '2025-03-17', 0),
(10, 10, 'ブラック', '2025-01-07 22:22:18', '2025-03-17', 0),
(11, 11, 'ゴールド', '2025-01-07 22:22:29', '2025-01-08', 0),
(12, 11, 'シルバー', '2025-01-07 22:22:29', '2025-01-08', 0),
(13, 20, 'ゴールド', '2025-01-07 22:22:34', '2025-02-14', 0),
(14, 123, 'ゴールド', '2025-01-07 22:22:39', '2025-01-07', 0),
(15, 123, 'シルバー', '2025-01-07 22:22:41', '2025-01-07', 0),
(16, 126, 'ゴールド', '2025-01-07 22:22:51', '2025-01-07', 0),
(17, 126, 'シルバー', '2025-01-07 22:22:51', '2025-01-07', 0),
(18, 20, 'ブラック', '2025-01-07 22:30:20', '2025-02-14', 0),
(19, 126, '', '2025-01-07 22:30:44', '2025-01-07', 1),
(20, 126, '', '2025-01-07 22:30:44', '2025-01-07', 1),
(21, 127, 'シルバー', '2025-01-08 07:37:47', '2025-02-14', 0),
(22, 127, 'ブラック', '2025-01-08 07:37:47', '2025-02-14', 0),
(23, 138, 'ゴールド', '2025-02-12 22:24:53', '2025-02-14', 0),
(24, 138, 'シルバー', '2025-02-12 22:24:53', '2025-02-14', 0),
(25, 138, '', '2025-02-12 22:25:03', '2025-02-14', 1),
(26, 138, '', '2025-02-12 22:25:03', '2025-02-14', 1),
(27, 147, 'シルバー', '2025-03-25 22:14:13', '2025-03-25', 0),
(28, 148, 'シルバー', '2025-03-25 22:24:14', '2025-03-27', 0),
(29, 149, 'ゴールド', '2025-03-25 22:32:38', '2025-03-25', 0);

-- --------------------------------------------------------

--
-- テーブルの構造 `goods_size`
--

CREATE TABLE `goods_size` (
  `id` int(11) NOT NULL,
  `goods_id` int(11) NOT NULL,
  `size` varchar(32) NOT NULL,
  `created` datetime NOT NULL,
  `modified` datetime NOT NULL,
  `delflag` int(11) NOT NULL DEFAULT 0
) ENGINE=InnoDB DEFAULT CHARSET=utf8mb4 COLLATE=utf8mb4_general_ci;

--
-- テーブルのデータのダンプ `goods_size`
--

INSERT INTO `goods_size` (`id`, `goods_id`, `size`, `created`, `modified`, `delflag`) VALUES
(1, 8, '7号', '2024-12-29 10:53:26', '2025-03-25 22:02:27', 0),
(2, 8, '8号', '2024-12-29 10:53:26', '2025-03-25 22:02:27', 0),
(3, 8, '9号', '2025-01-05 14:35:19', '2025-03-25 22:02:27', 0),
(4, 8, '10号', '2025-01-07 20:22:59', '2025-03-25 22:02:27', 0),
(5, 8, '11号', '2025-01-07 20:22:59', '2025-03-25 22:02:27', 0),
(6, 11, '8号', '2025-01-07 22:22:29', '2025-01-08 07:35:15', 0),
(7, 20, '10号', '2025-01-07 22:22:34', '2025-02-14 22:51:00', 0),
(8, 126, '10号', '2025-01-07 22:22:51', '2025-01-07 22:30:44', 0),
(9, 11, '9号', '2025-01-07 22:30:00', '2025-01-08 07:35:15', 0),
(10, 11, '10号', '2025-01-07 22:30:00', '2025-01-08 07:35:15', 0),
(11, 11, '11号', '2025-01-07 22:30:00', '2025-01-08 07:35:15', 0),
(12, 11, '', '2025-01-07 22:30:11', '2025-01-08 07:35:15', 1),
(13, 20, '11号', '2025-01-07 22:30:20', '2025-02-14 22:51:00', 0),
(14, 20, '12号', '2025-01-07 22:30:20', '2025-02-14 22:51:00', 0),
(15, 127, '8号', '2025-01-07 22:31:18', '2025-02-14 22:41:13', 0),
(16, 127, '9号', '2025-01-07 22:31:18', '2025-02-14 22:41:13', 0),
(17, 127, '10号', '2025-01-07 22:31:18', '2025-02-14 22:41:13', 0),
(18, 126, '10号', '2025-01-07 22:32:28', '2025-01-07 22:32:28', 0),
(19, 126, 'S', '2025-01-07 22:32:28', '2025-01-07 22:32:28', 0),
(20, 126, 'M', '2025-01-07 22:32:28', '2025-01-07 22:32:28', 0),
(21, 126, 'L', '2025-01-07 22:32:28', '2025-01-07 22:32:28', 0),
(22, 126, '10号', '2025-01-07 22:32:36', '2025-01-07 22:32:36', 0),
(23, 126, '11号', '2025-01-07 22:32:36', '2025-01-07 22:32:36', 0),
(24, 127, '', '2025-01-08 07:35:50', '2025-02-14 22:41:13', 1),
(25, 127, '', '2025-01-08 07:35:50', '2025-02-14 22:41:13', 1),
(26, 127, '', '2025-01-08 07:35:50', '2025-02-14 22:41:13', 1),
(27, 138, 'S', '2025-02-12 23:13:19', '2025-02-14 22:41:09', 0),
(28, 138, 'M', '2025-02-14 22:12:53', '2025-02-14 22:41:09', 0),
(29, 138, 'L', '2025-02-14 22:40:53', '2025-02-14 22:41:09', 0),
(30, 20, 'S', '2025-02-14 22:41:37', '2025-02-14 22:51:00', 0),
(31, 20, 'M', '2025-02-14 22:50:51', '2025-02-14 22:51:00', 0),
(32, 20, 'L', '2025-02-14 22:51:00', '2025-02-14 22:51:00', 0),
(33, 8, '', '2025-03-15 11:11:29', '2025-03-25 22:02:27', 1),
(34, 148, 'S', '2025-03-27 22:45:17', '2025-03-27 22:45:17', 0),
(35, 148, 'M', '2025-03-27 22:45:17', '2025-03-27 22:45:17', 0),
(36, 148, 'L', '2025-03-27 22:45:17', '2025-03-27 22:45:17', 0);

-- --------------------------------------------------------

--
-- テーブルの構造 `orders`
--

CREATE TABLE `orders` (
  `id` int(11) NOT NULL,
  `number` int(32) NOT NULL,
  `postage` int(11) NOT NULL,
  `tax_rate` int(11) NOT NULL,
  `status` tinyint(1) DEFAULT 0,
  `email` varchar(32) DEFAULT NULL,
  `name` varchar(32) DEFAULT NULL,
  `kana` varchar(32) DEFAULT NULL,
  `post_number` varchar(11) NOT NULL,
  `address` varchar(255) DEFAULT NULL,
  `tel` varchar(32) DEFAULT NULL,
  `pay` varchar(32) DEFAULT NULL,
  `delflag` tinyint(1) DEFAULT 0,
  `created` datetime DEFAULT NULL,
  `modified` datetime DEFAULT NULL
) ENGINE=InnoDB DEFAULT CHARSET=utf8mb4 COLLATE=utf8mb4_general_ci;

--
-- テーブルのデータのダンプ `orders`
--

INSERT INTO `orders` (`id`, `number`, `postage`, `tax_rate`, `status`, `email`, `name`, `kana`, `post_number`, `address`, `tel`, `pay`, `delflag`, `created`, `modified`) VALUES
(8, 202407166, 500, 10, 1, 'abc@dfg.jp', 'えびお', 'エビオ', '100-8602', '東京都港区', '02134549798', 'cash', 1, '2024-07-16 21:40:21', '2024-08-15 21:36:54'),
(10, 202407193, 500, 10, 1, 'abc@aaa.jp', '佐藤花子', 'サトウハナコ', '160-0023', '東京都新宿区西新宿２丁目', '09012345678', 'transfer', 0, '2024-07-19 22:17:57', '2025-03-01 13:34:24'),
(11, 202408044, 500, 10, 0, 'abc@c.jp', '山田花子', 'ヤマダハナコ', '111-0032', '東京都台東区浅草1丁目', '05061238954', 'transfer', 1, '2024-08-04 20:08:38', '2025-03-01 13:15:20'),
(12, 202408175, 500, 10, 0, '555yojiro@co.jp', '野田洋次郎', 'ノダヨウジロウ', '118-0033', '東京都中野区江原町2-2', '100-56-1111', 'credit', 0, '2024-08-17 12:41:33', '2025-03-28 11:51:11'),
(13, 202408176, 500, 10, 0, '555yojiro@r.jp', '野田せいぞ', 'ノダせいぞ', '165-0023', '東京都中野区江原町2-2', '51649830232', 'transfer', 1, '2024-08-17 12:42:25', '2025-03-28 11:43:42'),
(14, 202408177, 500, 10, 0, 'akiko@co.jp', '和田アキ子', 'ワダアキコ', '039-1165', '青森県八戸市石堂１丁目', '23698175316', 'credit', 0, '2024-08-17 12:43:30', '2025-03-17 22:36:36'),
(15, 202409218, 500, 10, 0, 'ab@cd.jp', '恵比寿', 'エビス', '108-0072', '東京都港区白金1-2-3', '08055554444', 'credit', 0, '2024-09-21 12:30:37', '2025-03-28 11:51:51'),
(16, 202410059, 500, 10, 0, '5261@hont.jp', '本間勇輝', 'ホンマユウキ', '346-0023', '埼玉県久喜市太田袋２丁目', '13692564982', 'transfer', 0, '2024-10-05 12:44:37', '2025-03-01 13:33:49'),
(17, 2024102610, 1000, 20, 0, 'abc@c.jp', '長谷川京子', 'ハセガワキョウコ', '108-0071', '東京都港白金台1-2-3', '0311254445', 'transfer', 0, '2024-10-26 11:16:49', '2025-03-25 21:48:37'),
(18, 2024110911, 500, 10, 0, 'abc@dfg.jp', '佐藤次郎', 'サトウジロウ', '160-0023', '東京都新宿区西新宿1-2-3Aビル505', '070-5565-1112', 'credit', 0, '2024-11-09 10:51:20', '2025-03-01 13:33:55'),
(19, 2024111712, 500, 10, 0, 'aaa@vue.jp', '鈴木亮', 'スズキリョウ', '529-1403', '滋賀県東近江市五個荘日吉町５丁目3-2', '099-821-5555', 'cash', 0, '2024-11-17 08:26:46', '2025-01-26 11:01:48'),
(22, 2025010813, 500, 10, 0, 'ab@cd.jp', '阿部貞夫', 'アベサダオ', '250-0033', '神奈川県小田原市水之尾3-55', '0465692222', 'transfer', 0, '2025-01-08 21:52:07', '2025-01-26 10:54:04'),
(29, 2025010814, 500, 10, 0, 'aaaaa@bbb.co.jp', '吉幾三', 'ヨシイクゾウ', '370-0022', '群馬県高崎市宿横手町5-3-8', '09088887777', 'transfer', 0, '2025-01-08 22:04:51', '2025-01-18 23:17:06'),
(30, 2025021115, 500, 10, 0, 'aaa@h.jp', '永田聡', 'ナガタサトシ', '222-0011', '神奈川県横浜市港北区菊名', '046-998-2316', 'transfer', 0, '2025-02-11 23:22:03', '2025-03-25 22:01:20'),
(31, 2025021516, 500, 10, 0, 'aaa@yahh.jp', '岡部幸雄', 'オカベユキオ', '025-0011', '岩手県花巻市矢沢1-1', '011-598-3165', 'transfer', 0, '2025-02-15 13:26:17', '2025-02-15 13:26:17'),
(32, 2025021817, 500, 10, 1, 'a@c.hp', '原辰徳', 'ハラタツノリ', '150-0001', '東京都渋谷区神宮前2-2', '03-6952-3651', 'transfer', 0, '2025-02-18 21:19:18', '2025-03-25 22:02:15'),
(33, 2025021818, 500, 10, 0, 'abv@u.pp', '北川景子', 'キタガワケイコ', '108-0022', '東京都港区海岸２丁目1-1', '080-6593-216', 'credit', 0, '2025-02-18 21:54:52', '2025-02-18 21:54:52'),
(34, 2025022519, 500, 10, 0, 'an@k.lp', '山本太郎', 'ヤマモトタロウ', '130-0011', '東京都墨田区石原1-3-6', '03-9062-8113', 'credit', 1, '2025-02-25 22:04:11', '2025-03-01 11:36:15'),
(35, 2025022620, 500, 10, 0, 'pie@pie.jp', 'ピエール滝', 'ピエールタキ', '140-0011', '東京都品川区東大井1-56', '03-9621-8409', 'transfer', 0, '2025-02-26 19:27:43', '2025-03-01 13:34:04'),
(36, 2025030220, 500, 10, 0, NULL, '牛沢亮', 'ウシザワリョウ', '120-0005', '東京都足立区綾瀬５丁目2-1', '050-9946-1236', 'transfer', 0, '2025-03-02 09:02:36', '2025-03-02 09:02:36'),
(43, 2025030921, 500, 10, 0, NULL, '後藤正文', 'ゴトウマサフミ', '190-0001', '東京都立川市若葉町1-1', '080-6659-1112', 'transfer', 0, '2025-03-09 12:54:08', '2025-03-09 12:54:08'),
(51, 2025031023, 500, 10, 0, 'abv@h.jp', '岡田将生', 'オカダマサキ', '180-0022', '東京都武蔵野市境1-2-3', '080-6952-3197', 'cash', 1, '2025-03-10 22:51:11', '2025-03-10 22:52:14'),
(52, 2025031024, 500, 10, 0, 'abv@h.jp', '岡田将生', 'オカダマサキ', '180-0022', '東京都武蔵野市境1-2-3', '080-6952-3197', 'transfer', 0, '2025-03-10 22:51:56', '2025-03-10 22:51:56'),
(53, 2025032824, 500, 10, 0, 'date@uuu.jp', '伊達政宗', 'ダテマサムネ', '456-0001', '愛知県名古屋市熱田区金山１丁目', '055-931-6841', 'cash', 0, '2025-03-28 08:33:16', '2025-03-28 08:33:16');

-- --------------------------------------------------------

--
-- テーブルの構造 `order_goods`
--

CREATE TABLE `order_goods` (
  `id` int(11) NOT NULL,
  `order_number` int(32) NOT NULL,
  `goods_id` int(11) NOT NULL,
  `price` int(32) NOT NULL,
  `count` int(11) NOT NULL,
  `size` varchar(32) NOT NULL,
  `color` varchar(32) NOT NULL,
  `created` datetime NOT NULL,
  `modified` datetime NOT NULL
) ENGINE=InnoDB DEFAULT CHARSET=utf8mb4 COLLATE=utf8mb4_general_ci;

--
-- テーブルのデータのダンプ `order_goods`
--

INSERT INTO `order_goods` (`id`, `order_number`, `goods_id`, `price`, `count`, `size`, `color`, `created`, `modified`) VALUES
(1, 202408175, 8, 10000, 2, '7号', 'シルバー', '2025-01-08 21:52:07', '2025-03-28 11:51:11'),
(2, 2024111712, 10, 8000, 0, '', '', '2025-01-08 21:52:07', '2025-01-26 11:01:48'),
(3, 2024102610, 8, 10000, 2, '', 'ゴールド', '2025-01-08 21:52:07', '2025-03-25 21:48:37'),
(4, 2025010814, 123, 5000, 2, '', 'シルバー', '2025-01-08 22:04:51', '2025-02-21 22:07:13'),
(5, 2025010814, 20, 5000, 1, 'S', 'ブラック', '2025-01-08 22:04:51', '2025-02-21 22:07:13'),
(6, 202407193, 8, 10000, 1, '7号', 'シルバー', '2025-01-11 05:28:25', '2025-03-01 13:34:24'),
(7, 202407193, 8, 10000, 1, '8号', 'ゴールド', '2025-01-11 05:28:25', '2025-03-01 13:34:24'),
(9, 202407193, 9, 5000, 0, '', '', '2025-01-24 15:46:44', '2025-03-01 13:34:24'),
(10, 202408044, 8, 8000, 1, '7号', 'シルバー', '2025-01-25 09:32:44', '2025-03-01 13:15:14'),
(11, 202408044, 9, 5000, 2, '', 'ゴールド', '2025-01-25 19:53:03', '2025-03-01 13:15:14'),
(12, 202408177, 123, 5000, 3, '', 'ゴールド', '2025-01-25 20:03:41', '2025-03-17 22:36:36'),
(13, 202408176, 10, 8000, 1, '', 'ゴールド', '2025-01-25 20:03:55', '2025-03-16 22:14:05'),
(14, 202409218, 10, 8000, 1, '', 'ブラック', '2025-01-25 21:15:20', '2025-03-28 11:51:51'),
(15, 2025010813, 123, 5000, 5, '', 'ゴールド', '2025-01-25 21:18:13', '2025-02-21 22:07:02'),
(16, 2024102610, 123, 5000, 2, '', 'ゴールド', '2025-01-25 21:19:12', '2025-03-25 21:48:37'),
(17, 202410059, 123, 5000, 3, '', 'シルバー', '2025-01-26 10:55:20', '2025-03-01 13:33:49'),
(18, 2024110911, 10, 8000, 3, '', 'ゴールド', '2025-01-26 11:01:05', '2025-03-01 13:33:55'),
(19, 2024111712, 20, 5000, 5, 'S', 'ゴールド', '2025-01-26 11:01:43', '2025-01-26 11:01:48'),
(20, 2024102610, 9, 5000, 1, '', 'シルバー', '2025-01-26 11:39:34', '2025-03-25 21:48:37'),
(21, 202408044, 21, 5000, 0, '', '', '2025-01-28 22:03:49', '2025-03-01 13:15:14'),
(22, 202408044, 22, 5000, 0, '', '', '2025-02-01 12:17:03', '2025-03-01 13:15:14'),
(23, 2025021115, 11, 8000, 1, '8号', 'ゴールド', '2025-02-11 23:19:54', '2025-03-25 22:01:20'),
(24, 2025021115, 10, 8000, 1, '', 'ブラック', '2025-02-11 23:19:54', '2025-03-25 22:01:20'),
(25, 2025021115, 9, 5000, 2, '', 'シルバー', '2025-02-11 23:22:03', '2025-03-25 22:01:20'),
(26, 2025021115, 123, 5000, 5, '', 'シルバー', '2025-02-11 23:22:03', '2025-03-25 22:01:20'),
(27, 2025021516, 138, 3000, 2, 'S', 'ゴールド', '2025-02-15 13:26:17', '2025-02-15 13:26:17'),
(28, 2025021516, 138, 3000, 1, 'L', 'シルバー', '2025-02-15 13:26:17', '2025-02-15 13:26:17'),
(29, 2025021817, 123, 5000, 1, '', 'ゴールド', '2025-02-18 21:19:18', '2025-03-25 22:02:15'),
(30, 2025021817, 8, 10000, 2, '10号', 'ゴールド', '2025-02-18 21:19:18', '2025-03-25 22:02:15'),
(31, 2025021818, 127, 18000, 1, '8号', 'ブラック', '2025-02-18 21:54:52', '2025-02-18 21:54:52'),
(32, 2025010813, 10, 8000, 2, '', 'ゴールド', '2025-02-21 22:07:02', '2025-02-21 22:07:02'),
(33, 2025022519, 11, 8000, 1, '8号', 'ゴールド', '2025-02-25 22:04:11', '2025-03-01 11:35:21'),
(34, 2025022620, 11, 8000, 1, '8号', 'ゴールド', '2025-02-26 19:27:43', '2025-03-01 13:34:04'),
(35, 202408175, 20, 10000, 2, '', 'ゴールド', '2025-02-26 22:43:41', '2025-03-28 11:51:11'),
(36, 202408175, 36, 10000, 0, '', '', '2025-03-01 11:28:32', '2025-03-28 11:51:11'),
(37, 202408175, 37, 10000, 0, '', '', '2025-03-01 11:28:32', '2025-03-28 11:51:11'),
(38, 2025030220, 11, 8000, 1, '8号', 'ゴールド', '2025-03-02 09:02:36', '2025-03-02 09:02:36'),
(39, 2025030220, 10, 8000, 1, '', 'ゴールド', '2025-03-02 09:02:36', '2025-03-02 09:02:36'),
(40, 2025031023, 10, 8000, 1, '', 'ブラック', '2025-03-10 22:50:48', '2025-03-10 22:50:48'),
(41, 2025031023, 9, 5000, 1, '', 'ゴールド', '2025-03-10 22:50:48', '2025-03-10 22:50:48'),
(42, 2025031023, 10, 8000, 1, '', 'ブラック', '2025-03-10 22:51:11', '2025-03-10 22:51:11'),
(43, 2025031023, 9, 5000, 1, '', 'ゴールド', '2025-03-10 22:51:11', '2025-03-10 22:51:11'),
(44, 2025031024, 11, 8000, 1, '8号', 'ゴールド', '2025-03-10 22:51:56', '2025-03-10 22:51:56'),
(45, 2025032824, 127, 18000, 1, '8号', 'シルバー', '2025-03-28 08:51:52', '2025-03-28 08:51:52'),
(46, 2025032824, 149, 7800, 1, '', 'ゴールド', '2025-03-28 08:51:52', '2025-03-28 08:51:52'),
(47, 202409218, 8, 8000, 2, '7号', 'ゴールド', '2025-03-28 11:51:36', '2025-03-28 11:51:51'),
(48, 202409218, 48, 8000, 0, '', '', '2025-03-28 11:51:36', '2025-03-28 11:51:51');

-- --------------------------------------------------------

--
-- テーブルの構造 `sizes`
--

CREATE TABLE `sizes` (
  `id` int(11) NOT NULL,
  `size` varchar(32) NOT NULL,
  `delflag` int(11) NOT NULL DEFAULT 0,
  `created` datetime DEFAULT NULL,
  `modified` datetime DEFAULT NULL
) ENGINE=InnoDB DEFAULT CHARSET=utf8mb4 COLLATE=utf8mb4_general_ci;

--
-- テーブルのデータのダンプ `sizes`
--

INSERT INTO `sizes` (`id`, `size`, `delflag`, `created`, `modified`) VALUES
(1, '7号', 0, '2024-12-14 12:48:33', '2025-03-28 11:52:29'),
(2, '8号', 0, '2024-12-14 12:50:09', '2025-03-28 11:52:29'),
(3, '9号', 0, '2024-12-14 13:26:45', '2025-03-28 11:52:29'),
(4, '10号', 0, '2024-12-17 21:02:42', '2025-03-28 11:52:29'),
(5, '11号', 0, '2024-12-17 21:37:23', '2025-03-28 11:52:29'),
(6, 'S', 0, '2024-12-17 21:53:54', '2025-03-28 11:52:29'),
(7, 'M', 0, '2024-12-17 21:54:07', '2025-03-28 11:52:29'),
(8, 'L', 0, '2024-12-25 20:21:05', '2025-03-28 11:52:29'),
(9, '', 0, '2024-12-25 22:29:26', '2025-03-28 11:52:29'),
(10, '', 0, '2024-12-25 22:29:26', '2025-03-28 11:52:29'),
(11, '', 0, '2024-12-25 22:29:26', '2025-03-28 11:52:29');

-- --------------------------------------------------------

--
-- テーブルの構造 `users`
--

CREATE TABLE `users` (
  `loginid` varchar(32) NOT NULL,
  `password` varchar(255) DEFAULT NULL,
  `postage` int(11) NOT NULL,
  `tax` int(11) NOT NULL,
  `created` datetime DEFAULT NULL,
  `modified` datetime DEFAULT NULL
) ENGINE=InnoDB DEFAULT CHARSET=utf8mb4 COLLATE=utf8mb4_general_ci;

--
-- テーブルのデータのダンプ `users`
--

INSERT INTO `users` (`loginid`, `password`, `postage`, `tax`, `created`, `modified`) VALUES
('admin2024', '$2y$10$yG3Y2uILnV.nZbOSzoUS7eS4bknLSodfxdIw5Yue0H8LMZTxXoMgu', 500, 0, '2024-09-14 13:10:58', '2025-02-22 13:43:19');

--
-- ダンプしたテーブルのインデックス
--

--
-- テーブルのインデックス `colors`
--
ALTER TABLE `colors`
  ADD PRIMARY KEY (`id`);

--
-- テーブルのインデックス `goods`
--
ALTER TABLE `goods`
  ADD PRIMARY KEY (`id`);

--
-- テーブルのインデックス `goods_color`
--
ALTER TABLE `goods_color`
  ADD PRIMARY KEY (`id`);

--
-- テーブルのインデックス `goods_size`
--
ALTER TABLE `goods_size`
  ADD PRIMARY KEY (`id`);

--
-- テーブルのインデックス `orders`
--
ALTER TABLE `orders`
  ADD PRIMARY KEY (`id`);

--
-- テーブルのインデックス `order_goods`
--
ALTER TABLE `order_goods`
  ADD PRIMARY KEY (`id`);

--
-- テーブルのインデックス `sizes`
--
ALTER TABLE `sizes`
  ADD PRIMARY KEY (`id`);

--
-- テーブルのインデックス `users`
--
ALTER TABLE `users`
  ADD PRIMARY KEY (`loginid`);

--
-- ダンプしたテーブルの AUTO_INCREMENT
--

--
-- テーブルの AUTO_INCREMENT `colors`
--
ALTER TABLE `colors`
  MODIFY `id` int(11) NOT NULL AUTO_INCREMENT, AUTO_INCREMENT=7;

--
-- テーブルの AUTO_INCREMENT `goods`
--
ALTER TABLE `goods`
  MODIFY `id` int(11) NOT NULL AUTO_INCREMENT, AUTO_INCREMENT=150;

--
-- テーブルの AUTO_INCREMENT `goods_color`
--
ALTER TABLE `goods_color`
  MODIFY `id` int(11) NOT NULL AUTO_INCREMENT, AUTO_INCREMENT=30;

--
-- テーブルの AUTO_INCREMENT `goods_size`
--
ALTER TABLE `goods_size`
  MODIFY `id` int(11) NOT NULL AUTO_INCREMENT, AUTO_INCREMENT=37;

--
-- テーブルの AUTO_INCREMENT `orders`
--
ALTER TABLE `orders`
  MODIFY `id` int(11) NOT NULL AUTO_INCREMENT, AUTO_INCREMENT=56;

--
-- テーブルの AUTO_INCREMENT `order_goods`
--
ALTER TABLE `order_goods`
  MODIFY `id` int(11) NOT NULL AUTO_INCREMENT, AUTO_INCREMENT=49;
COMMIT;

/*!40101 SET CHARACTER_SET_CLIENT=@OLD_CHARACTER_SET_CLIENT */;
/*!40101 SET CHARACTER_SET_RESULTS=@OLD_CHARACTER_SET_RESULTS */;
/*!40101 SET COLLATION_CONNECTION=@OLD_COLLATION_CONNECTION */;
