-- phpMyAdmin SQL Dump
-- version 5.2.1
-- https://www.phpmyadmin.net/
--
-- ホスト: 127.0.0.1
-- 生成日時: 2025-01-21 12:11:02
-- サーバのバージョン： 10.4.32-MariaDB
-- PHP のバージョン: 8.2.12

SET SQL_MODE = "NO_AUTO_VALUE_ON_ZERO";
START TRANSACTION;
SET time_zone = "+00:00";


/*!40101 SET @OLD_CHARACTER_SET_CLIENT=@@CHARACTER_SET_CLIENT */;
/*!40101 SET @OLD_CHARACTER_SET_RESULTS=@@CHARACTER_SET_RESULTS */;
/*!40101 SET @OLD_COLLATION_CONNECTION=@@COLLATION_CONNECTION */;
/*!40101 SET NAMES utf8mb4 */;

--
-- データベース: `ec`
--

-- --------------------------------------------------------

--
-- テーブルの構造 `colors`
--

CREATE TABLE `colors` (
  `id` int(11) NOT NULL,
  `color` varchar(32) NOT NULL,
  `delflag` int(11) NOT NULL DEFAULT 0,
  `created` datetime DEFAULT NULL,
  `modified` datetime DEFAULT NULL
) ENGINE=InnoDB DEFAULT CHARSET=utf8mb4 COLLATE=utf8mb4_general_ci;

--
-- テーブルのデータのダンプ `colors`
--

INSERT INTO `colors` (`id`, `color`, `delflag`, `created`, `modified`) VALUES
(1, 'ゴールド', 0, '2024-12-21 12:40:50', '2024-12-26 22:01:10'),
(2, 'シルバー', 0, '2024-12-23 09:46:59', '2024-12-26 22:01:10'),
(3, 'ブラック', 0, '2024-12-22 12:28:22', '2024-12-26 22:01:10'),
(4, '', 0, '2024-12-23 10:41:32', '2024-12-26 22:01:06');

-- --------------------------------------------------------

--
-- テーブルの構造 `goods`
--

CREATE TABLE `goods` (
  `id` int(11) NOT NULL,
  `name` varchar(255) DEFAULT NULL,
  `price` varchar(32) DEFAULT NULL,
  `explanation` varchar(255) DEFAULT NULL,
  `image` varchar(255) DEFAULT NULL,
  `delflag` tinyint(1) DEFAULT 0,
  `created` datetime DEFAULT NULL,
  `modified` datetime DEFAULT NULL
) ENGINE=InnoDB DEFAULT CHARSET=utf8mb4 COLLATE=utf8mb4_general_ci;

--
-- テーブルのデータのダンプ `goods`
--

INSERT INTO `goods` (`id`, `name`, `price`, `explanation`, `image`, `delflag`, `created`, `modified`) VALUES
(8, 'アクセサリーA', '10000', '永遠の愛を象徴するダイヤモンドの指輪です。\r\n\r\n純白の輝きと無垢な透明感が特徴のダイヤモンドは、その美しさと希少価値から結婚指輪や婚約指輪として選ばれることが多い宝石です。\r\nシンプルでありながらも上品なデザインが施されており、どんな場面でもその美しさを際立たせます。', 'img_67067c61c0002.jpg', 0, '2024-06-25 21:39:27', '2025-01-07 20:34:42'),
(9, 'アクセサリーB', '5000', 'このピアスは、天然のターコイズ石を使用し、一つ一つ丁寧に手作りされた逸品です。\r\n鮮やかなスカイブルーのターコイズは、その独特の色合いと模様で、どんなスタイルにも華やかさを添えます。\r\n\r\n※金具の色を選択できます。', 'img_67067eb031057.jpg', 0, '2024-06-25 21:41:25', '2025-01-07 22:20:43'),
(10, 'アクセサリーC', '8000', '自然の美しさとクラフトマンシップが融合した逸品です。\r\n鮮やかなスカイブルーのターコイズが、シンプルかつ洗練されたデザインであなたの首元を彩ります。\r\nどんな装いにもアクセントを加え、特別な日から日常まで幅広くお使いいただけます。', 'img_66dbc60d1fa55.jpg', 0, '2024-06-25 21:41:46', '2025-01-07 22:22:18'),
(11, 'アクセサリーD', '8000', '永遠の愛を象徴するダイヤモンドの指輪です。\r\n\r\n純白の輝きと無垢な透明感が特徴のダイヤモンドは、その美しさと希少価値から結婚指輪や婚約指輪として選ばれることが多い宝石です。\r\nシンプルでありながらも上品なデザインが施されており、どんな場面でもその美しさを際立たせます。', 'img_667abb39ca984.jpg', 0, '2024-06-25 21:42:33', '2025-01-08 07:35:15'),
(12, 'アクセサリーD', '11000', 'このピアスは、天然のターコイズ石を使用し、一つ一つ丁寧に手作りされた逸品です。<br>鮮やかなスカイブルーのターコイズは、その独特の色合いと模様で、どんなスタイルにも華やかさを添えます。<br><br>※金具の色を選択できます。', 'img_667abb630242f.jpg', 1, '2024-06-25 21:43:15', '2024-09-02 21:52:01'),
(20, 'アクセサリーE', '5000', '', '', 0, '2024-08-24 13:02:55', '2025-01-08 07:34:55'),
(116, 'アクセサああ', '8000', 'アゴ取合', 'img_66c51388d191d.', 1, '2024-08-21 07:07:04', '2024-08-21 07:14:19'),
(118, 'アクセサリー1', '50000', '', 'img_66c9402c3821d.', 1, '2024-08-24 11:06:36', '2024-08-24 11:08:58'),
(119, 'アクセサリー1', '50000', '', 'img_66c9402f1cc0c.', 1, '2024-08-24 11:06:39', '2024-08-24 11:08:51'),
(120, 'アクセサリー1', '50000', '', 'img_66c9406cbb1d6.', 1, '2024-08-24 11:07:40', '2024-08-24 11:08:55'),
(121, 'アクセサああ', '11000', '', 'img_66c9504f876c1.jpeg', 1, '2024-08-24 12:15:27', '2024-08-24 13:03:02'),
(123, 'アクセサリーF', '5000', 'ペアシェイプのルビーをイエローゴールドでぐるっと囲ったネックレス。\r\n\r\n地金のしなやかなラインが艶やかで、ルビーの鮮やかさを一層引き立てています。\r\n大人っぽいデザインは、着ける人に華やかな女性らしさを与えてくれます。\r\nルビーは『恋のお守り』や『情熱の石』として愛されてきた7月の誕生石。\r\nプレゼントはもちろん、ご自分へのごほうびジュエリーにもぴったりです。\r\n\r\n※金具の色を選択できます。', 'img_66dbc6f81a6d8.jpg', 0, '2024-08-24 13:02:58', '2025-01-07 22:22:46'),
(126, 'アクセサリーT', '1000000', '', '', 0, '2024-12-06 09:39:30', '2025-01-07 22:32:36'),
(127, 'アクセサリーN', '1000000', '', 'img_677db0d1251ea.jpg', 0, '2024-12-06 15:24:16', '2025-01-08 07:55:13');

-- --------------------------------------------------------

--
-- テーブルの構造 `goods_color`
--

CREATE TABLE `goods_color` (
  `id` int(11) NOT NULL,
  `goods_id` int(11) NOT NULL,
  `color` varchar(32) NOT NULL,
  `created` datetime NOT NULL,
  `modified` date NOT NULL,
  `delflag` int(11) NOT NULL DEFAULT 0
) ENGINE=InnoDB DEFAULT CHARSET=utf8mb4 COLLATE=utf8mb4_general_ci;

--
-- テーブルのデータのダンプ `goods_color`
--

INSERT INTO `goods_color` (`id`, `goods_id`, `color`, `created`, `modified`, `delflag`) VALUES
(1, 8, 'ゴールド', '2025-01-07 20:34:38', '2025-01-07', 0),
(2, 8, 'シルバー', '2025-01-07 20:34:42', '2025-01-07', 0),
(3, 9, 'ゴールド', '2025-01-07 22:16:02', '2025-01-07', 0),
(4, 9, 'シルバー', '2025-01-07 22:20:40', '2025-01-07', 0),
(9, 10, 'ゴールド', '2025-01-07 22:22:18', '2025-01-07', 0),
(10, 10, 'ブラック', '2025-01-07 22:22:18', '2025-01-07', 0),
(11, 11, 'ゴールド', '2025-01-07 22:22:29', '2025-01-08', 0),
(12, 11, 'シルバー', '2025-01-07 22:22:29', '2025-01-08', 0),
(13, 20, 'ゴールド', '2025-01-07 22:22:34', '2025-01-08', 0),
(14, 123, 'ゴールド', '2025-01-07 22:22:39', '2025-01-07', 0),
(15, 123, 'シルバー', '2025-01-07 22:22:41', '2025-01-07', 0),
(16, 126, 'ゴールド', '2025-01-07 22:22:51', '2025-01-07', 0),
(17, 126, 'シルバー', '2025-01-07 22:22:51', '2025-01-07', 0),
(18, 20, 'ブラック', '2025-01-07 22:30:20', '2025-01-08', 0),
(19, 126, '', '2025-01-07 22:30:44', '2025-01-07', 1),
(20, 126, '', '2025-01-07 22:30:44', '2025-01-07', 1),
(21, 127, 'シルバー', '2025-01-08 07:37:47', '2025-01-08', 0),
(22, 127, 'ブラック', '2025-01-08 07:37:47', '2025-01-08', 0);

-- --------------------------------------------------------

--
-- テーブルの構造 `goods_size`
--

CREATE TABLE `goods_size` (
  `id` int(11) NOT NULL,
  `goods_id` int(11) NOT NULL,
  `size` varchar(32) NOT NULL,
  `created` datetime NOT NULL,
  `modified` datetime NOT NULL,
  `delflag` int(11) NOT NULL DEFAULT 0
) ENGINE=InnoDB DEFAULT CHARSET=utf8mb4 COLLATE=utf8mb4_general_ci;

--
-- テーブルのデータのダンプ `goods_size`
--

INSERT INTO `goods_size` (`id`, `goods_id`, `size`, `created`, `modified`, `delflag`) VALUES
(1, 8, '7号', '2024-12-29 10:53:26', '2025-01-07 20:34:42', 0),
(2, 8, '8号', '2024-12-29 10:53:26', '2025-01-07 20:34:42', 0),
(3, 8, '9号', '2025-01-05 14:35:19', '2025-01-07 20:34:42', 0),
(4, 8, '10号', '2025-01-07 20:22:59', '2025-01-07 20:34:42', 0),
(5, 8, '11号', '2025-01-07 20:22:59', '2025-01-07 20:34:42', 0),
(6, 11, '8号', '2025-01-07 22:22:29', '2025-01-08 07:35:15', 0),
(7, 20, 'S', '2025-01-07 22:22:34', '2025-01-08 07:34:55', 0),
(8, 126, '10号', '2025-01-07 22:22:51', '2025-01-07 22:30:44', 0),
(9, 11, '9号', '2025-01-07 22:30:00', '2025-01-08 07:35:15', 0),
(10, 11, '10号', '2025-01-07 22:30:00', '2025-01-08 07:35:15', 0),
(11, 11, '11号', '2025-01-07 22:30:00', '2025-01-08 07:35:15', 0),
(12, 11, '', '2025-01-07 22:30:11', '2025-01-08 07:35:15', 1),
(13, 20, 'M', '2025-01-07 22:30:20', '2025-01-08 07:34:55', 0),
(14, 20, 'L', '2025-01-07 22:30:20', '2025-01-08 07:34:55', 0),
(15, 127, '8号', '2025-01-07 22:31:18', '2025-01-08 07:55:13', 0),
(16, 127, '9号', '2025-01-07 22:31:18', '2025-01-08 07:55:13', 0),
(17, 127, '10号', '2025-01-07 22:31:18', '2025-01-08 07:55:13', 0),
(18, 126, '10号', '2025-01-07 22:32:28', '2025-01-07 22:32:28', 0),
(19, 126, 'S', '2025-01-07 22:32:28', '2025-01-07 22:32:28', 0),
(20, 126, 'M', '2025-01-07 22:32:28', '2025-01-07 22:32:28', 0),
(21, 126, 'L', '2025-01-07 22:32:28', '2025-01-07 22:32:28', 0),
(22, 126, '10号', '2025-01-07 22:32:36', '2025-01-07 22:32:36', 0),
(23, 126, '11号', '2025-01-07 22:32:36', '2025-01-07 22:32:36', 0),
(24, 127, '', '2025-01-08 07:35:50', '2025-01-08 07:55:13', 1),
(25, 127, '', '2025-01-08 07:35:50', '2025-01-08 07:55:13', 1),
(26, 127, '', '2025-01-08 07:35:50', '2025-01-08 07:55:13', 1);

-- --------------------------------------------------------

--
-- テーブルの構造 `orders`
--

CREATE TABLE `orders` (
  `id` int(11) NOT NULL,
  `number` int(32) NOT NULL,
  `postage` int(11) NOT NULL,
  `tax` int(11) NOT NULL,
  `status` tinyint(1) DEFAULT 0,
  `email` varchar(32) DEFAULT NULL,
  `name` varchar(32) DEFAULT NULL,
  `kana` varchar(32) DEFAULT NULL,
  `post_number` varchar(11) NOT NULL,
  `address` varchar(255) DEFAULT NULL,
  `tel` varchar(32) DEFAULT NULL,
  `pay` varchar(32) DEFAULT NULL,
  `delflag` tinyint(1) DEFAULT 0,
  `created` datetime DEFAULT NULL,
  `modified` datetime DEFAULT NULL
) ENGINE=InnoDB DEFAULT CHARSET=utf8mb4 COLLATE=utf8mb4_general_ci;

--
-- テーブルのデータのダンプ `orders`
--

INSERT INTO `orders` (`id`, `number`, `postage`, `tax`, `status`, `email`, `name`, `kana`, `post_number`, `address`, `tel`, `pay`, `delflag`, `created`, `modified`) VALUES
(8, 202407166, 500, 10, 1, 'abc@dfg.jp', 'えびお', 'エビオ', '100-8602', '東京都港区', '02134549798', 'cash', 1, '2024-07-16 21:40:21', '2024-08-15 21:36:54'),
(9, 202407192, 500, 10, 1, 'a@b.c.jp', '田中太郎', 'タナカタロウ', '0', '東京都台東区浅草1丁目', '0123456789', 'cash', 0, '2024-07-19 19:56:09', '2024-10-08 22:29:23'),
(10, 202407193, 500, 10, 0, 'abc@abc.ne.jp', '佐藤花子', 'サトウハナコ', '160-0023', '東京都新宿区西新宿２丁目', '09012345678', 'transfer', 0, '2024-07-19 22:17:57', '2025-01-19 22:12:25'),
(11, 202408044, 500, 10, 0, 'abc@c.jp', '山田花子', 'ヤマダハナコ', '111-0032', '東京都台東区浅草1丁目', '05061238954', 'transfer', 0, '2024-08-04 20:08:38', '2025-01-19 20:29:33'),
(12, 202408175, 500, 10, 0, 'a@b.jp', '吉田', 'ヨシダ', '0', '東京都港区', '1234567890', 'transfer', 0, '2024-08-17 12:41:33', '2024-10-15 20:49:04'),
(13, 202408176, 500, 10, 0, '555yojiro@r.jp', '野田洋次郎', 'ノダヨウジロウ', '0', '東京都中野区', '51649830232', 'transfer', 0, '2024-08-17 12:42:25', '2024-10-15 12:10:38'),
(14, 202408177, 500, 10, 0, 'akiko@co.jp', '和田アキ子', 'ワダアキコ', '0', '青森県八戸市', '23698175316', 'cash', 0, '2024-08-17 12:43:30', '2024-10-15 16:07:14'),
(15, 202409218, 500, 10, 0, 'ab@cd.jp', '恵比寿', 'エビス', '0', '東京都港区白銀高輪1-2-3', '08055554444', 'credit', 0, '2024-09-21 12:30:37', '2024-09-21 12:31:16'),
(16, 202410059, 500, 10, 0, '5261@hont.jp', '本間勇輝', 'ホンマユウキ', '0', '埼玉県久喜市', '13692564982', 'transfer', 0, '2024-10-05 12:44:37', '2024-10-05 12:44:37'),
(17, 2024102610, 1000, 20, 0, 'abc@c.jp', '長谷川京子', 'ハセガワキョウコ', '0', '東京都港区白銀高輪1-2-3', '0311254445', 'transfer', 0, '2024-10-26 11:16:49', '2024-10-26 11:16:49'),
(18, 2024110911, 500, 10, 0, 'abc@dfg.jp', '佐藤次郎', 'サトウジロウ', '0', '東京都新宿区西新宿1-2-3Aビル505', '070-5565-1112', 'credit', 0, '2024-11-09 10:51:20', '2024-11-09 10:51:20'),
(19, 2024111712, 500, 10, 0, 'aaa@vue.jp', '鈴木亮', 'スズキリョウ', '529-1403', '滋賀県東近江市五個荘日吉町５丁目3-2', '099-821-5555', 'cash', 0, '2024-11-17 08:26:46', '2024-11-17 08:26:46'),
(22, 2025010813, 500, 0, 0, 'ab@cd.jp', '阿部貞夫', 'アベサダオ', '250-0033', '神奈川県小田原市水之尾3-55', '0465-69-2222', 'transfer', 0, '2025-01-08 21:52:07', '2025-01-08 21:52:07'),
(29, 2025010814, 500, 0, 0, 'aaaaa@bbb.co.jp', '吉幾三', 'ヨシイクゾウ', '370-0022', '群馬県高崎市宿横手町5-3-8', '09088887777', 'transfer', 0, '2025-01-08 22:04:51', '2025-01-18 23:17:06');

-- --------------------------------------------------------

--
-- テーブルの構造 `order_goods`
--

CREATE TABLE `order_goods` (
  `id` int(11) NOT NULL,
  `order_number` int(32) NOT NULL,
  `goods_id` int(11) NOT NULL,
  `price` varchar(32) NOT NULL,
  `count` int(11) NOT NULL,
  `size` varchar(32) NOT NULL,
  `color` varchar(32) NOT NULL,
  `created` datetime NOT NULL,
  `modified` datetime NOT NULL
) ENGINE=InnoDB DEFAULT CHARSET=utf8mb4 COLLATE=utf8mb4_general_ci;

--
-- テーブルのデータのダンプ `order_goods`
--

INSERT INTO `order_goods` (`id`, `order_number`, `goods_id`, `price`, `count`, `size`, `color`, `created`, `modified`) VALUES
(1, 2025010813, 8, '10000', 0, '', '', '2025-01-08 21:52:07', '2025-01-08 21:52:07'),
(2, 2025010813, 10, '8000', 0, '', '', '2025-01-08 21:52:07', '2025-01-08 21:52:07'),
(3, 2025010813, 8, '10000', 0, '', '', '2025-01-08 21:52:07', '2025-01-08 21:52:07'),
(4, 2025010814, 123, '5000', 2, '', 'シルバー', '2025-01-08 22:04:51', '2025-01-08 22:04:51'),
(5, 2025010814, 20, '5000', 1, 'S', 'ブラック', '2025-01-08 22:04:51', '2025-01-08 22:04:51'),
(6, 202407193, 8, '8000', 1, '7号', 'シルバー', '2025-01-11 05:28:25', '2025-01-19 13:08:20'),
(7, 202407193, 8, '8000', 1, '7号', 'シルバー', '2025-01-11 05:28:25', '2025-01-19 13:08:20'),
(8, 202407193, 8, '8000', 1, '7号', 'シルバー', '2025-01-19 13:08:20', '2025-01-19 13:08:20');

-- --------------------------------------------------------

--
-- テーブルの構造 `sizes`
--

CREATE TABLE `sizes` (
  `id` int(11) NOT NULL,
  `size` varchar(32) NOT NULL,
  `delflag` int(11) NOT NULL DEFAULT 0,
  `created` datetime DEFAULT NULL,
  `modified` datetime DEFAULT NULL
) ENGINE=InnoDB DEFAULT CHARSET=utf8mb4 COLLATE=utf8mb4_general_ci;

--
-- テーブルのデータのダンプ `sizes`
--

INSERT INTO `sizes` (`id`, `size`, `delflag`, `created`, `modified`) VALUES
(1, '7号', 0, '2024-12-14 12:48:33', '2024-12-26 22:00:40'),
(2, '8号', 0, '2024-12-14 12:50:09', '2024-12-26 22:00:40'),
(3, '9号', 0, '2024-12-14 13:26:45', '2024-12-26 22:00:40'),
(4, '10号', 0, '2024-12-17 21:02:42', '2024-12-26 22:00:40'),
(5, '11号', 0, '2024-12-17 21:37:23', '2024-12-26 22:00:40'),
(6, '12号', 0, '2024-12-17 21:53:54', '2024-12-26 22:00:40'),
(7, 'S', 0, '2024-12-17 21:54:07', '2024-12-26 22:00:40'),
(8, 'M', 0, '2024-12-25 20:21:05', '2024-12-26 22:00:40'),
(9, 'L', 0, '2024-12-25 22:29:26', '2024-12-26 22:00:40'),
(10, '', 0, '2024-12-25 22:29:26', '2024-12-26 22:00:24'),
(11, '', 0, '2024-12-25 22:29:26', '2024-12-26 22:00:24');

-- --------------------------------------------------------

--
-- テーブルの構造 `users`
--

CREATE TABLE `users` (
  `loginid` varchar(32) NOT NULL,
  `password` varchar(255) DEFAULT NULL,
  `postage` int(11) NOT NULL,
  `tax` int(11) NOT NULL,
  `created` datetime DEFAULT NULL,
  `modified` datetime DEFAULT NULL
) ENGINE=InnoDB DEFAULT CHARSET=utf8mb4 COLLATE=utf8mb4_general_ci;

--
-- テーブルのデータのダンプ `users`
--

INSERT INTO `users` (`loginid`, `password`, `postage`, `tax`, `created`, `modified`) VALUES
('admin2024', '$2y$10$yG3Y2uILnV.nZbOSzoUS7eS4bknLSodfxdIw5Yue0H8LMZTxXoMgu', 500, 10, '2024-09-14 13:10:58', '2024-11-07 16:51:38');

--
-- ダンプしたテーブルのインデックス
--

--
-- テーブルのインデックス `colors`
--
ALTER TABLE `colors`
  ADD PRIMARY KEY (`id`);

--
-- テーブルのインデックス `goods`
--
ALTER TABLE `goods`
  ADD PRIMARY KEY (`id`);

--
-- テーブルのインデックス `goods_color`
--
ALTER TABLE `goods_color`
  ADD PRIMARY KEY (`id`);

--
-- テーブルのインデックス `goods_size`
--
ALTER TABLE `goods_size`
  ADD PRIMARY KEY (`id`);

--
-- テーブルのインデックス `orders`
--
ALTER TABLE `orders`
  ADD PRIMARY KEY (`id`);

--
-- テーブルのインデックス `order_goods`
--
ALTER TABLE `order_goods`
  ADD PRIMARY KEY (`id`);

--
-- テーブルのインデックス `sizes`
--
ALTER TABLE `sizes`
  ADD PRIMARY KEY (`id`);

--
-- テーブルのインデックス `users`
--
ALTER TABLE `users`
  ADD PRIMARY KEY (`loginid`);

--
-- ダンプしたテーブルの AUTO_INCREMENT
--

--
-- テーブルの AUTO_INCREMENT `colors`
--
ALTER TABLE `colors`
  MODIFY `id` int(11) NOT NULL AUTO_INCREMENT, AUTO_INCREMENT=5;

--
-- テーブルの AUTO_INCREMENT `goods`
--
ALTER TABLE `goods`
  MODIFY `id` int(11) NOT NULL AUTO_INCREMENT, AUTO_INCREMENT=136;

--
-- テーブルの AUTO_INCREMENT `goods_color`
--
ALTER TABLE `goods_color`
  MODIFY `id` int(11) NOT NULL AUTO_INCREMENT, AUTO_INCREMENT=23;

--
-- テーブルの AUTO_INCREMENT `goods_size`
--
ALTER TABLE `goods_size`
  MODIFY `id` int(11) NOT NULL AUTO_INCREMENT, AUTO_INCREMENT=27;

--
-- テーブルの AUTO_INCREMENT `orders`
--
ALTER TABLE `orders`
  MODIFY `id` int(11) NOT NULL AUTO_INCREMENT, AUTO_INCREMENT=30;

--
-- テーブルの AUTO_INCREMENT `order_goods`
--
ALTER TABLE `order_goods`
  MODIFY `id` int(11) NOT NULL AUTO_INCREMENT, AUTO_INCREMENT=9;
COMMIT;

/*!40101 SET CHARACTER_SET_CLIENT=@OLD_CHARACTER_SET_CLIENT */;
/*!40101 SET CHARACTER_SET_RESULTS=@OLD_CHARACTER_SET_RESULTS */;
/*!40101 SET COLLATION_CONNECTION=@OLD_COLLATION_CONNECTION */;
